DOI,solvent_name,solvent,zn_source,zn_source_mmol,hmim_mmol,stirring,temperature_C,time_min,size_nm,additive,ratio,counterion,zn_source_mM,hmim_mM
10.1021/acsami.9b23314,Methanol,499.3757802746567,Zn(NO3)2·6H2O,0.5378693649779809,4.993909866017053,Yes,50,180.0,48.0,not given,0.1077050606455908,NO3-,0.001077083403368407,0.01000030450669915
10.1039/d4nr01102c,Water,888.8888888888888,Zn(NO3)2·6H2O,0.1344673412444952,11.05968331303289,Yes,25,120.0,150.0,Cetyltrimethylammonium bromide,0.0121583355904989,NO3-,0.0001512757589000571,0.012442143727162
10.1016/j.ijbiomac.2024.135465,Water,5555.555555555555,Zn(NO3)2,7.412882787750792,39.58587088915957,Yes,25,40.0,354.8,not given,0.187260823653643,NO3-,0.001334318901795143,0.007125456760048723
10.1021/acsomega.3c07606,Methanol,1248.439450686642,Zn(NO3)2·6H2O,1.017917773220829,4.003654080389769,Yes,25,1440.0,150.0,not given,0.2542471833934592,NO3-,0.0008153521363498841,0.003206926918392205
10.1039/c7nr07949d,Water,1111.111111111111,Zn(NO3)2·6H2O,0.0504252529666857,0.3045066991473812,No,0,0.3333333333333333,45.0,not given,0.1655965307425958,NO3-,4.538272767001713e-05,0.0002740560292326431
10.1039/c7nr07949d,Water,1111.111111111111,Zn(NO3)2·6H2O,0.0504252529666857,0.3045066991473812,No,0,30.0,250.0,not given,0.1655965307425958,NO3-,4.538272767001713e-05,0.0002740560292326431
10.1039/c3ce27093a,Water,3333.333333333333,Zn(NO3)2·6H2O,6.084647191313409,12.18026796589525,Yes,21,10.0,300.0,Pluronic P123,0.4995495344068308,NO3-,0.001825394157394023,0.003654080389768576
10.1039/c3ce27093a,Water,3333.333333333333,Zn(NO3)2·6H2O,6.084647191313409,12.18026796589525,Yes,21,10.0,300.0,Pluronic P123,0.4995495344068308,NO3-,0.001825394157394023,0.003654080389768576
10.1039/c3ce27093a,Water,3333.333333333333,Zn(NO3)2·6H2O,6.084647191313409,12.18026796589525,Yes,21,60.0,300.0,Pluronic P123,0.4995495344068308,NO3-,0.001825394157394023,0.003654080389768576
10.1039/d0tb02709j,Methanol,564.2946317103621,Zn(NO3)2,1.0,8.0,Yes,25,60.0,87.3,not given,0.125,NO3-,0.00177212389380531,0.01417699115044248
10.1039/d0tb02709j,Methanol,564.2946317103621,Zn(NO3)2,1.0,8.0,Yes,25,60.0,103.6,not given,0.125,NO3-,0.00177212389380531,0.01417699115044248
10.1039/d0tb02709j,Methanol,564.2946317103621,Zn(NO3)2,1.0,8.0,Yes,25,60.0,112.3,not given,0.125,NO3-,0.00177212389380531,0.01417699115044248
10.1039/d0tb02709j,Methanol,564.2946317103621,Zn(NO3)2,1.0,8.0,Yes,25,60.0,119.4,not given,0.125,NO3-,0.00177212389380531,0.01417699115044248
10.1039/d0tb02709j,Methanol,564.2946317103621,Zn(NO3)2,1.0,8.0,Yes,25,60.0,139.9,not given,0.125,NO3-,0.00177212389380531,0.01417699115044248
10.1016/j.scib.2020.06.020,Methanol,3995.006242197253,Zn(NO3)2·6H2O,11.2952566645376,97.442143727162,Yes,25,1500.0,150.0,not given,0.115917571519817,NO3-,0.002827343933842068,0.02439098660170524
10.1039/c6nr05187a,Methanol,624.2197253433209,Zn(NO3)2·6H2O,1.956499815107406,8.000000000000002,Yes,25,1440.0,200.0,not given,0.2445624768884256,NO3-,0.003134312703802064,0.012816
10.1016/j.est.2024.111231,Methanol,1997.503121098627,Zn(NO3)2·6H2O,4.000268934682489,12000.0,Yes,100,1440.0,350.0,not given,0.0003333557445568,NO3-,0.002002634635425421,6.007500000000001
10.1021/acs.inorgchem.5c00612,Methanol,1128.589263420724,Zn(NO3)2·6H2O,2.0,16.0,Yes,25,1440.0,60.0,not given,0.125,NO3-,0.00177212389380531,0.01417699115044248
10.1021/acs.inorgchem.5c00612,Methanol,1128.589263420724,Zn(NO3)2·6H2O,2.0,16.0,Yes,25,1440.0,60.0,not given,0.125,NO3-,0.00177212389380531,0.01417699115044248
10.1021/acs.inorgchem.5c00612,Methanol,1128.589263420724,Zn(NO3)2·6H2O,2.0,16.0,Yes,25,1440.0,60.0,not given,0.125,NO3-,0.00177212389380531,0.01417699115044248
10.1021/acs.inorgchem.5c00612,Methanol,1128.589263420724,Zn(NO3)2·6H2O,2.0,16.0,Yes,25,1440.0,250.0,not given,0.125,NO3-,0.00177212389380531,0.01417699115044248
10.1021/acs.inorgchem.5c00612,Methanol,1128.589263420724,Zn(NO3)2·6H2O,2.0,16.0,Yes,25,1440.0,60.0,not given,0.125,NO3-,0.00177212389380531,0.01417699115044248
10.1016/j.est.2024.110774,Methanol,1997.503121098627,Zn(NO3)2·6H2O,2.724308333613473,6.406820950060902,Yes,25,1440.0,200.0,not given,0.4252199889537379,NO3-,0.001363856859515245,0.003207414738124239
10.1016/j.ceja.2023.100573,Water,2222.222222222222,Zn(NO3)2·6H2O,5.143375802601943,41.16930572472594,Yes,25,60.0,50.0,SDS,0.1249322939034377,NO3-,0.002314519111170874,0.01852618757612668
10.1016/j.micromeso.2023.112657,Methanol,499.3757802746567,Zn(NO3)2·6H2O,2.000201701011867,20.0,Yes,25,1440.0,158.0,not given,0.1000100850505933,NO3-,0.004005403906276263,0.04005
10.1021/acs.langmuir.9b03731,Methanol,3745.318352059925,Zn(NO3)2·6H2O,1.5,3.0,Yes,25,120.0,120.0,not given,0.5,NO3-,0.0004005,0.0008010000000000001
10.1016/j.memsci.2020.118943,"N,N-dimethylformamide",5166.233410863319,Zn(NO3)2·6H2O,39.49978149057047,315.7125456760049,No,140,240.0,150.0,not given,0.1251131196132652,NO3-,0.007645760140746282,0.06111077850492374
10.1039/c7cy01979c,Methanol,4993.757802746567,Zn(NO3)2·6H2O,10.0,40.0,Yes,25,1440.0,300.0,not given,0.25,NO3-,0.0020025,0.00801
10.1016/j.micromeso.2023.112956,Methanol,2496.878901373283,Zn(NO3)2·6H2O,4.0,8.0,Yes,25,1440.0,188.0,not given,0.5,NO3-,0.001602,0.003204
10.1016/j.est.2023.109646,Methanol,998.7515605493134,Zn(NO3)2·6H2O,2.995260026221131,11.98538367844093,Yes,25,1440.0,400.0,not given,0.2499093985292224,NO3-,0.002999004101253908,0.01200036540803898
10.1039/d2nj03584g,Methanol,499.3757802746567,Zn(NO3)2·6H2O,3.93989309846371,31.57125456760049,Yes,25,180.0,300.0,not given,0.1247936818610611,NO3-,0.00788963592967358,0.06322143727161998
10.1021/acsestwater.3c00608,Water,2777.777777777777,Zn(CH3COO)2·2H2O,16.90128012391235,100.0,Yes,40,180.0,50.0,not given,0.1690128012391235,CH3COO-,0.006084460844608447,0.036
10.1039/c7nj04909a,Methanol,2496.878901373283,Zn(NO3)2·6H2O,2.4708373953676,19.82947624847746,Yes,25,60.0,50.0,not given,0.1246042691398525,NO3-,0.0009895703768447238,0.007941705237515223
10.1021/acsomega.9b03215,Water,2777.777777777777,Zn(NO3)2·6H2O,0.6161965912528994,39.46406820950062,Yes,25,60.0,40.0,Triethylamine,0.0156141173277355,NO3-,0.0002218307728510438,0.01420706455542022
10.1016/j.jpowsour.2023.232702,Methanol,9987.515605493134,Zn(NO3)2·6H2O,20.00201701011867,80.0,Yes,25,960.0,100.0,not given,0.2500252126264833,NO3-,0.002002701953138131,0.00801
10.1039/d2ta06567c,Methanol,1123.595505617978,Zn(NO3)2·6H2O,4.000403402023734,16.00487210718636,Yes,120,240.0,200.0,not given,0.2499491014506457,NO3-,0.003560359027801123,0.01424433617539586
10.1039/d2ta06567c,Methanol,1123.595505617978,Zn(NO3)2·6H2O,4.000403402023734,16.00487210718636,Yes,120,240.0,200.0,not given,0.2499491014506457,NO3-,0.003560359027801123,0.01424433617539586
10.1039/d2ta06567c,Methanol,1123.595505617978,Zn(NO3)2·6H2O,4.000403402023734,16.00487210718636,Yes,120,240.0,200.0,not given,0.2499491014506457,NO3-,0.003560359027801123,0.01424433617539586
10.1021/acsomega.5c04494,ethanol,685.0444975037987,Zn(NO3)2·6H2O,3.159982519245638,40.19488428745432,No,30,60.0,113.4,not given,0.0786165347969899,NO3-,0.004612813519063578,0.05867485168323892
10.1021/acsomega.5c04494,ethanol,685.0444975037987,Zn(NO3)2·6H2O,3.159982519245638,40.19488428745432,No,30,60.0,145.8,not given,0.0786165347969899,NO3-,0.004612813519063578,0.05867485168323892
10.1021/acsomega.5c04494,ethanol,685.0444975037987,Zn(NO3)2·6H2O,3.159982519245638,40.19488428745432,No,30,60.0,171.9,not given,0.0786165347969899,NO3-,0.004612813519063578,0.05867485168323892
10.1021/acsomega.5c04494,ethanol,685.0444975037987,Zn(NO3)2·6H2O,3.159982519245638,40.19488428745432,No,30,60.0,213.6,not given,0.0786165347969899,NO3-,0.004612813519063578,0.05867485168323892
10.1021/acsomega.5c04494,ethanol,685.0444975037987,Zn(NO3)2·6H2O,3.159982519245638,40.19488428745432,No,30,60.0,181.8,not given,0.0786165347969899,NO3-,0.004612813519063578,0.05867485168323892
10.1021/acsami.8b13393,Methanol,249.6878901373284,Zn(NO3)2·6H2O,0.336168353111238,2.009744214372716,Yes,25,5.0,1.27,not given,0.167269222972319,NO3-,0.001346354254210508,0.008049025578562729
10.1021/acsami.8b13393,Methanol,249.6878901373284,Zn(NO3)2·6H2O,0.336168353111238,2.009744214372716,Yes,25,90.0,7.58,not given,0.167269222972319,NO3-,0.001346354254210508,0.008049025578562729
10.1016/j.jddst.2025.107616,Water,8333.333333333332,Zn(NO3)2·6H2O,5.042525296668571,40.19488428745432,Yes,25,60.0,81.84,not given,0.1254519172292393,NO3-,0.0006051030356002286,0.00482338611449452
10.1016/j.jddst.2025.107616,Water,8333.333333333332,Zn(NO3)2·6H2O,5.042525296668571,40.19488428745432,Yes,25,60.0,62.75,not given,0.1254519172292393,NO3-,0.0006051030356002286,0.00482338611449452
10.1021/acsami.6b05901,Methanol,9987.515605493134,Zn(NO3)2·6H2O,14.119070830672,114.0073081607795,Yes,25,60.0,60.0,not given,0.1238435593160439,NO3-,0.001413671966921034,0.01141498172959805
10.1016/j.inoche.2024.112294,Methanol,2496.878901373283,Zn(NO3)2·6H2O,4.874441120112952,39.95127892813642,No,25,720.0,200.0,not given,0.1220096390125833,NO3-,0.001952213668605237,0.01600048721071864
10.1016/j.inoche.2024.112294,Methanol,2496.878901373283,Zn(NO3)2·6H2O,4.639123272935086,39.95127892813642,Yes,30,120.0,200.0,not given,0.1161195185085275,NO3-,0.001857968870810502,0.01600048721071864
10.1016/j.bioadv.2022.213206,"N,N-dimethylformamide",774.9350116294978,Zn(NO3)2·6H2O,10.42121894644838,11.69305724725944,Yes,140,420.0,500.0,Triethylamine,0.8912313286493875,NO3-,0.01344786180783743,0.01508908111232684
10.1016/j.inoche.2023.111325,Methanol,624.2197253433209,Zn(NO3)2·6H2O,2.017010118667428,19.4884287454324,No,60,60.0,360.0,not given,0.1034978317141224,NO3-,0.00323125021010522,0.03122046285018271
10.1016/j.molstruc.2024.138452,Water,1111.111111111111,Zn(CH3COO)2,11.99040767386091,79.90255785627285,Yes,25,30.0,200.0,not given,0.1500628765280458,CH3COO-,0.01079136690647482,0.07191230207064557
10.1016/j.micromeso.2026.114063,Methanol,998.7515605493134,Zn(NO3)2·6H2O,2.0,16.0,Yes,25,1440.0,400.0,not given,0.125,NO3-,0.0020025,0.01602
10.1039/d0ta06682f,Methanol,1248.439450686642,Zn(NO3)2·6H2O,8.24620970181867,66.00487210718636,Yes,25,120.0,150.0,not given,0.1249333486841322,NO3-,0.006605213971156755,0.05286990255785628
10.1016/j.mtadv.2022.100336,Water,55.55555555555555,Zn(NO3)2·6H2O,0.032,1.15,Yes,25,60.0,291.5,not given,0.0278260869565217,NO3-,0.0005760000000000001,0.0207
10.1039/d3ra04824a,Methanol,1248.439450686642,Zn(NO3)2·6H2O,3.361683531112381,36.54080389768575,Yes,25,180.0,110.0,not given,0.0919980726347755,NO3-,0.002692708508421017,0.02926918392204629
10.1016/j.micromeso.2025.113533,Methanol,1248.439450686642,Zn(NO3)2·4H2O,2.84577723378213,19.97563946406821,Yes,25,4380.0,76.8,not given,0.1424623846911663,NO3-,0.002279467564259486,0.01600048721071864
10.1039/c7ta00148g,Methanol,1248.439450686642,Zn(NO3)2·6H2O,2.991898342690019,23.99512789281365,Yes,25,1440.0,300.0,not given,0.1246877431141373,NO3-,0.002396510572494705,0.01922009744214373
10.1039/d2ra08312d,Methanol,3245.942571785269,Zn(NO3)2·6H2O,2.0,12.0,Yes,25,30.0,450.0,not given,0.1666666666666666,NO3-,0.0006161538461538461,0.003696923076923077
10.1039/d2ra08312d,Water,7222.222222222222,Zn(NO3)2·6H2O,2.0,12.0,Yes,25,30.0,200.0,not given,0.1666666666666666,NO3-,0.0002769230769230769,0.001661538461538462
10.1021/acsomega.5c03165,Water,244.4444444444444,Zn(NO3)2·6H2O,0.1966584865700743,13.82460414129111,Yes,25,15.0,155.7,not given,0.0142252526408837,NO3-,0.0008045119905139403,0.05655519875982727
10.1021/acsomega.5c03165,Water,244.4444444444444,Zn(NO3)2·6H2O,0.1966584865700743,13.82460414129111,Yes,25,15.0,132.3,not given,0.0142252526408837,NO3-,0.0008045119905139403,0.05655519875982727
10.1016/j.rechem.2025.102793,Methanol,499.3757802746567,Zn(NO3)2·6H2O,0.5042525296668571,2.009744214372716,Yes,25,1440.0,262.6,NaOH,0.2509038344584785,NO3-,0.001009765690657881,0.004024512789281364
10.1016/j.seppur.2026.137155,Water,4444.444444444444,Zn(NO3)2·6H2O,1.983393283356305,15.83434835566383,Yes,22,240.0,220.0,not given,0.1252589142796558,NO3-,0.0004462634887551686,0.003562728380024361
10.1016/j.seppur.2026.137155,Water,4444.444444444444,Zn(NO3)2·6H2O,1.983393283356305,15.83434835566383,Yes,22,240.0,150.0,not given,0.1252589142796558,NO3-,0.0004462634887551686,0.003562728380024361
10.1016/j.seppur.2026.137155,Water,4444.444444444444,Zn(NO3)2·6H2O,1.983393283356305,15.83434835566383,Yes,22,240.0,230.0,not given,0.1252589142796558,NO3-,0.0004462634887551686,0.003562728380024361
10.1016/j.seppur.2026.137155,Water,4444.444444444444,Zn(NO3)2·6H2O,1.983393283356305,15.83434835566383,No,22,240.0,270.0,n-hexane,0.1252589142796558,NO3-,0.0004462634887551686,0.003562728380024361
10.1039/d0dt02576c,Methanol,1248.439450686642,Zn(NO3)2·6H2O,2.469156553602044,9.87454323995128,Yes,25,120.0,19.3,n-butylamine,0.2500527359698135,NO3-,0.001977794399435238,0.007909509135200976
10.1021/acsami.3c11941,Water,3333.333333333333,Zn(CH3COO)2·2H2O,2.505580611361669,49.93909866017052,No,140,10.0,243.9,Cetyltrimethylammonium bromide,0.0501727239494617,CH3COO-,0.0007516741834085008,0.01498172959805116
10.1039/d0nj01373k,Methanol,9987.515605493134,Zn(NO3)2·6H2O,4.92822805661075,40.49939098660171,Yes,25,900.0,80.0,not given,0.1216864732173661,NO3-,0.0004934388341681513,0.004055001522533496
10.1016/j.optmat.2024.116126,Methanol,499.3757802746567,Zn(NO3)2·6H2O,0.5008908461357447,5.006090133982948,Yes,50,120.0,50.0,not given,0.1000562979750478,NO3-,0.001003033919386829,0.01002469549330085
10.1021/acs.langmuir.0c02549,Methanol,499.3757802746567,Zn(NO3)2·6H2O,2.218711130534172,13.27649208282582,Yes,25,60.0,160.0,Triethylamine,0.1671157649695921,NO3-,0.004442969038894679,0.02658617539585871
10.1016/j.seppur.2025.134705,Methanol,2496.878901373283,Zn(NO3)2·6H2O,8.404208827780952,60.90133982947625,Yes,25,120.0,337.93,not given,0.1379971089521632,NO3-,0.003365885635526271,0.02439098660170524
10.1016/j.seppur.2024.127947,"N,N-dimethylformamide",2505.62320426871,Zn(NO3)2·6H2O,8.020976905234141,64.40925700365409,Yes,25,154.98,200.0,not given,0.124531430393291,NO3-,0.003201190383122725,0.02570588302898981
10.1021/acs.molpharmaceut.4c01144,Water,55.55555555555555,Zn(NO3)2·6H2O,0.045,3.15,Yes,30,10.0,200.0,not given,0.0142857142857142,NO3-,0.0008100000000000001,0.05670000000000001
10.1021/acs.molpharmaceut.4c01144,Water,55.55555555555555,Zn(NO3)2·6H2O,0.045,3.15,Yes,30,10.0,200.0,not given,0.0142857142857142,NO3-,0.0008100000000000001,0.05670000000000001
10.1016/j.jpowsour.2016.11.114,Methanol,2496.878901373283,Zn(NO3)2·6H2O,5.37869364977981,40.19488428745432,Yes,25,60.0,100.0,not given,0.1338153783778552,NO3-,0.002154166806736814,0.01609805115712545
10.1016/j.mtnano.2018.09.001,Methanol,499.3757802746567,Zn(NO3)2·6H2O,0.4975291626046323,3.995127892813642,Yes,0,60.0,200.0,ICG,0.1245339763714643,NO3-,0.0009963021481157763,0.008000243605359317
10.1016/j.mtnano.2018.09.001,Methanol,499.3757802746567,Zn(NO3)2·6H2O,0.4975291626046323,3.995127892813642,Yes,25,60.0,200.0,ICG,0.1245339763714643,NO3-,0.0009963021481157763,0.008000243605359317
10.1016/j.mtnano.2018.09.001,Methanol,499.3757802746567,Zn(NO3)2·6H2O,0.4975291626046323,3.995127892813642,Yes,50,60.0,200.0,ICG,0.1245339763714643,NO3-,0.0009963021481157763,0.008000243605359317
10.1016/j.molstruc.2025.144516,Methanol,2496.878901373283,Zn(NO3)2·6H2O,10.08505059333714,80.38976857490864,Yes,25,1440.0,89.0,not given,0.1254519172292393,NO3-,0.004039062762631525,0.03219610231425091
10.1021/acsami.9b23314,Methanol,499.3757802746567,Zn(NO3)2·6H2O,0.5378693649779809,4.993909866017053,Yes,50,180.0,48.0,not given,0.1077050606455908,NO3-,0.001077083403368407,0.01000030450669915
10.1016/j.apt.2024.104727,Methanol,2496.878901373283,Zn(NO3)2·6H2O,7.530171109691733,63.45919610231425,Yes,25,1440.0,77.0,not given,0.1186616215174071,NO3-,0.003015833529431539,0.02541540803897686
10.1016/j.mtbio.2025.101994,Water,833.3333333333333,Zn(NO3)2·6H2O,0.5042525296668571,4.019488428745433,Yes,25,20.0,84.78,not given,0.1254519172292392,NO3-,0.0006051030356002286,0.00482338611449452
10.1016/j.mtbio.2025.101994,Water,833.3333333333333,Zn(NO3)2·6H2O,0.5042525296668571,4.019488428745433,Yes,25,5.0,82.88,not given,0.1254519172292392,NO3-,0.0006051030356002286,0.00482338611449452
10.1016/j.apsusc.2024.159624,Methanol,749.0636704119851,Zn(NO3)2·6H2O,3.449087302921303,14.05602923264312,Yes,120,240.0,200.0,not given,0.2453813410483873,NO3-,0.004604531549399939,0.01876479902557856
10.1016/j.jpowsour.2025.238313,Methanol,1248.439450686642,Zn(NO3)2·6H2O,4.998823410764111,19.97563946406821,Yes,120,1440.0,204.23,not given,0.2502459768437399,NO3-,0.004004057552022054,0.01600048721071864
10.1016/j.jpowsour.2025.238313,Methanol,1248.439450686642,Zn(NO3)2·6H2O,4.998823410764111,29.96345919610232,Yes,120,1440.0,153.3,not given,0.1668306512291599,NO3-,0.004004057552022054,0.02400073081607796
10.1016/j.jpowsour.2025.238313,Methanol,1248.439450686642,Zn(NO3)2·6H2O,4.998823410764111,39.95127892813642,Yes,120,1440.0,115.04,not given,0.1251229884218699,NO3-,0.004004057552022054,0.03200097442143728
10.1016/j.jpowsour.2025.238313,Methanol,1248.439450686642,Zn(NO3)2·6H2O,4.998823410764111,49.93909866017052,Yes,120,1440.0,102.36,not given,0.1000983907374959,NO3-,0.004004057552022054,0.04000121802679659
10.1016/j.jpowsour.2025.238313,Methanol,1248.439450686642,Zn(NO3)2·6H2O,4.998823410764111,60.04872107186358,Yes,120,1440.0,99.52,not given,0.0832461261711426,NO3-,0.004004057552022054,0.04809902557856274
10.1021/acsami.4c06788,THF,61.6419359312162,Zn(CH3COO)2·2H2O,0.0683340166735,0.9987819732034106,Yes,25,480.0,400.0,not given,0.068417350840175,CH3COO-,0.00110856376655255,0.01620296244942586
10.1021/acsomega.2c06705,Water,666.6666666666666,Zn(CH3COO)2·2H2O,0.6833401667350008,6.833130328867235,No,25,15.0,374.0,not given,0.100003970925033,CH3COO-,0.001025010250102501,0.01024969549330085
10.1021/acsomega.2c06705,Water,666.6666666666666,Zn(CH3COO)2·2H2O,0.6833401667350008,6.833130328867235,No,25,15.0,469.0,not given,0.100003970925033,CH3COO-,0.001025010250102501,0.01024969549330085
10.1021/acsomega.2c06705,Water,666.6666666666666,Zn(CH3COO)2·2H2O,0.6833401667350008,6.833130328867235,No,25,15.0,90.0,not given,0.100003970925033,CH3COO-,0.001025010250102501,0.01024969549330085
10.1021/acsomega.2c06705,Water,666.6666666666666,Zn(CH3COO)2·2H2O,0.6833401667350008,6.833130328867235,No,60,15.0,492.0,not given,0.100003970925033,CH3COO-,0.001025010250102501,0.01024969549330085
10.1021/acsomega.2c06705,Water,666.6666666666666,Zn(CH3COO)2·2H2O,0.6833401667350008,6.833130328867235,No,25,15.0,551.0,not given,0.100003970925033,CH3COO-,0.001025010250102501,0.01024969549330085
10.1021/acsomega.2c06705,Water,666.6666666666666,Zn(CH3COO)2·2H2O,0.6833401667350008,6.833130328867235,No,25,15.0,383.0,not given,0.100003970925033,CH3COO-,0.001025010250102501,0.01024969549330085
10.1021/acsomega.2c06705,Water,666.6666666666666,Zn(CH3COO)2·2H2O,0.6833401667350008,6.833130328867235,No,25,1440.0,536.0,not given,0.100003970925033,CH3COO-,0.001025010250102501,0.01024969549330085
10.1021/acsomega.2c06705,Water,666.6666666666666,Zn(CH3COO)2·2H2O,0.6833401667350008,6.833130328867235,No,25,1440.0,708.0,not given,0.100003970925033,CH3COO-,0.001025010250102501,0.01024969549330085
10.1016/j.microc.2024.112612,Water,2777.777777777777,Zn(CH3COO)2·2H2O,6.833401667350007,68.2095006090134,Yes,25,1440.0,350.0,not given,0.100182549444542,CH3COO-,0.002460024600246003,0.02455542021924483
10.1039/d4ra02670e,Methanol,1248.439450686642,Zn(CH3COO)2·2H2O,1.343902327912168,8.038976857490866,Yes,25,120.0,400.0,Polyvinylpyrrolidone,0.1671733047296802,CH3COO-,0.001076465764657647,0.006439220462850184
10.1039/d4ra02670e,Methanol,1248.439450686642,Zn(CH3COO)2·2H2O,1.343902327912168,8.038976857490866,No,25,120.0,400.0,Polyvinylpyrrolidone,0.1671733047296802,CH3COO-,0.001076465764657647,0.006439220462850184
10.1039/d4ra02670e,Methanol,1248.439450686642,Zn(CH3COO)2·2H2O,1.343902327912168,8.038976857490866,No,25,120.0,400.0,Polyvinylpyrrolidone,0.1671733047296802,CH3COO-,0.001076465764657647,0.006439220462850184
10.1016/j.jtice.2023.104865,Methanol,7990.012484394507,Zn(NO3)2·6H2O,7.886509563989645,63.21559074299636,Yes,25,60.0,50.0,not given,0.1247557678619556,NO3-,0.000987045962618079,0.007911826278928138
10.1016/j.micromeso.2022.111889,Methanol,1248.439450686642,Zn(NO3)2·6H2O,3.597001378290248,28.74543239951279,Yes,25,120.0,60.0,not given,0.1251329716769615,NO3-,0.002881198104010489,0.02302509135200975
10.1016/j.microc.2025.113698,Methanol,499.3757802746567,Zn(CH3COO)2·2H2O,0.2,1.6,Yes,25,1440.0,200.0,not given,0.125,CH3COO-,0.0004005,0.003204
10.1016/j.seppur.2022.120856,Methanol,1997.503121098627,Zn(NO3)2·6H2O,2.4,9.6,Yes,25,1440.0,80.0,not given,0.25,NO3-,0.0012015,0.004806
10.1016/j.seppur.2022.121594,Methanol,1598.002496878901,Zn(NO3)2·6H2O,0.4034020237334857,0.4043848964677223,No,70,30.0,3.0,not given,0.9975694623047944,NO3-,0.0002524414226644704,0.0002530564859926918
10.1039/c8nj04247k,Methanol,249.6878901373284,Zn(CH3COO)2·2H2O,0.5002050020500205,5.0,Yes,120,30.0,215.0,not given,0.1000410004100041,CH3COO-,0.002003321033210332,0.020025
10.1039/c8nj04247k,Water,166.6666666666667,Zn(NO3)2·6H2O,1.996840017480754,15.95615103532278,Yes,120,30.0,368.0,ammonium hydroxide,0.1251454697978396,NO3-,0.01198104010488452,0.09573690621193667
10.1016/j.memsci.2022.121300,Methanol,1248.439450686642,Zn(NO3)2·6H2O,2.468820385248932,9.87332521315469,Yes,25,1440.0,70.0,not given,0.2500495356883017,NO3-,0.001977525128584395,0.007908533495736907
10.1021/acs.analchem.9b04938,Methanol,499.3757802746567,Zn(CH3COO)2·2H2O,0.8108969978588675,3.203410475030451,Yes,60,30.0,75.0,not given,0.2531355267080343,CH3COO-,0.001623821238212382,0.006414829476248478
10.1039/c7ta10322k,Methanol,1248.439450686642,Zn(NO3)2·6H2O,2.474199078898712,19.78075517661389,Yes,25,60.0,50.0,not given,0.1250811233852119,NO3-,0.001981833462197869,0.01584438489646773
10.1039/c7ta10322k,Methanol,1248.439450686642,Zn(NO3)2·6H2O,2.474199078898712,19.78075517661389,Yes,25,60.0,40.0,PEI,0.1250811233852119,NO3-,0.001981833462197869,0.01584438489646773
10.1021/acsami.2c23107,Methanol,374.5318352059925,Zn(NO3)2·6H2O,0.49416747907352,3.958587088915957,Yes,37,30.0,200.0,"1,8-Diazafluoren-9-one",0.1248343077905722,NO3-,0.001319427169126298,0.01056942752740561
10.1021/acsami.2c23107,Methanol,374.5318352059925,Zn(NO3)2·6H2O,0.49416747907352,3.958587088915957,Yes,37,30.0,200.0,"1,8-Diazafluoren-9-one",0.1248343077905722,NO3-,0.001319427169126298,0.01056942752740561
10.1021/acsami.2c23107,Methanol,374.5318352059925,Zn(NO3)2·6H2O,0.49416747907352,3.958587088915957,Yes,37,30.0,200.0,"1,8-Diazafluoren-9-one",0.1248343077905722,NO3-,0.001319427169126298,0.01056942752740561
10.1021/acsami.2c23107,Methanol,374.5318352059925,Zn(NO3)2·6H2O,0.49416747907352,3.958587088915957,Yes,37,30.0,200.0,"1,8-Diazafluoren-9-one",0.1248343077905722,NO3-,0.001319427169126298,0.01056942752740561
10.1021/acsami.2c23107,Methanol,374.5318352059925,Zn(NO3)2·6H2O,0.49416747907352,3.958587088915957,Yes,37,30.0,150.0,not given,0.1248343077905722,NO3-,0.001319427169126298,0.01056942752740561
10.1021/acsami.1c23297,Methanol,2496.878901373283,Zn(NO3)2·6H2O,2.464786365011597,19.7320341047503,Yes,25,50.0,20.0,not given,0.124912938621884,NO3-,0.0009871469391871447,0.007902679658952496
10.1021/acsami.1c23297,Methanol,2496.878901373283,Zn(NO3)2·6H2O,4.9416747907352,39.46406820950061,Yes,25,30.0,40.0,not given,0.1252195988639999,NO3-,0.001979140753689448,0.01580535931790499
10.1021/acsami.1c23297,Methanol,1248.439450686642,Zn(NO3)2·6H2O,2.468820385248932,9.87332521315469,Yes,25,2.0,70.0,not given,0.2500495356883017,NO3-,0.001977525128584395,0.007908533495736907
10.1021/acsanm.4c02087,Methanol,2496.878901373283,Zn(NO3)2·6H2O,11.2952566645376,48.721071863581,Yes,60,540.0,145.0,not given,0.2318351430396341,NO3-,0.004523750294147308,0.01951278928136419
10.1021/acsanm.4c02087,Methanol,1498.12734082397,Zn(NO3)2·6H2O,2.521262648334285,10.84043848964677,Yes,60,540.0,270.0,not given,0.2325793971103874,NO3-,0.001682942817763135,0.007235992691839222
10.1016/j.solidstatesciences.2024.107755,Methanol,749.0636704119851,Zn(NO3)2·6H2O,0.33,2.67,Yes,25,120.0,400.0,not given,0.1235955056179775,NO3-,0.00044055,0.00356445
10.1016/j.solidstatesciences.2024.107755,Methanol,749.0636704119851,Zn(NO3)2·6H2O,1.0,8.0,Yes,25,120.0,100.0,not given,0.125,NO3-,0.001335,0.01068
10.1016/j.solidstatesciences.2024.107755,Methanol,749.0636704119851,Zn(NO3)2·6H2O,3.0,24.0,Yes,25,120.0,400.0,not given,0.125,NO3-,0.004005,0.03204
10.1039/c8nj05246h,Water,1111.111111111111,Zn(CH3COO)2·2H2O,0.5011161222723339,20.09744214372716,Yes,25,1080.0,270.0,not given,0.0249343234173082,CH3COO-,0.0004510045100451005,0.01808769792935444
10.1039/c8nj05246h,Water,1111.111111111111,Zn(CH3COO)2·2H2O,0.5011161222723339,20.09744214372716,Yes,25,1080.0,660.0,not given,0.0249343234173082,CH3COO-,0.0004510045100451005,0.01808769792935444
10.1021/acsami.5b07128,Methanol,12484.39450686642,Zn(NO3)2·6H2O,33.61683531112381,365.4080389768576,Yes,25,30.0,150.0,not given,0.0919980726347754,NO3-,0.002692708508421017,0.02926918392204629
10.1021/acs.langmuir.5c05289,Methanol,2496.878901373283,Zn(NO3)2·6H2O,0.1317779944196053,1.056029232643118,Yes,25,960.0,80.0,Cetyltrimethylammonium 0bromide,0.1247863130547819,NO3-,5.277708676505192e-05,0.0004229397076735688
10.1021/acs.langmuir.5c05289,Methanol,2496.878901373283,Zn(NO3)2·6H2O,0.2635559888392106,2.112058465286236,Yes,25,960.0,200.0,Cetyltrimethylammonium 0bromide,0.1247863130547819,NO3-,0.0001055541735301038,0.0008458794153471377
10.1021/acsami.6b05746,Methanol,499.3757802746567,Zn(NO3)2·6H2O,0.65,1.3,No,80,10.0,20.0,not given,0.5,NO3-,0.001301625,0.00260325
10.1016/j.ijbiomac.2025.149040,Water,5555.555555555555,Zn(NO3)2·6H2O,0.5,17.0,Yes,25,720.0,25.0,Triethylamine,0.0294117647058823,NO3-,9.000000000000002e-05,0.003060000000000001
10.1021/acsami.7b07800,Water,2222.222222222222,Zn(NO3)2·6H2O,0.3697851884223619,27.64920828258222,Yes,37,360.0,300.0,6-AMINO-1-HEXANETHIOL,0.0133741691495488,NO3-,0.0001664033347900629,0.012442143727162
10.1021/acsami.7b07800,Water,2222.222222222222,Zn(NO3)2·6H2O,0.3697851884223619,27.64920828258222,Yes,37,360.0,300.0,6-AMINO-1-HEXANETHIOL,0.0133741691495488,NO3-,0.0001664033347900629,0.012442143727162
10.1021/acsami.7b07800,Water,2222.222222222222,Zn(NO3)2·6H2O,0.3697851884223619,27.64920828258222,Yes,37,360.0,300.0,6-AMINO-1-HEXANETHIOL,0.0133741691495488,NO3-,0.0001664033347900629,0.012442143727162
10.1021/acsami.7b07800,Water,2222.222222222222,Zn(NO3)2·6H2O,0.3697851884223619,27.64920828258222,Yes,37,360.0,300.0,6-AMINO-1-HEXANETHIOL,0.0133741691495488,NO3-,0.0001664033347900629,0.012442143727162
10.1021/acsami.7b07800,Water,2222.222222222222,Zn(NO3)2·6H2O,0.3697851884223619,27.64920828258222,Yes,37,360.0,200.0,6-AMINO-1-HEXANETHIOL,0.0133741691495488,NO3-,0.0001664033347900629,0.012442143727162
10.1021/acsomega.1c00493,Methanol,1498.12734082397,Zn(NO3)2·6H2O,1.971963559350523,15.80755176613886,Yes,25,60.0,50.0,not given,0.1247481955791939,NO3-,0.001316285675866474,0.01055154080389769
10.1021/acsomega.1c00493,Methanol,1498.12734082397,Zn(NO3)2·6H2O,1.971963559350523,15.80755176613886,Yes,25,60.0,50.0,not given,0.1247481955791939,NO3-,0.001316285675866474,0.01055154080389769
10.1039/d5ta07312j,Methanol,873.9076154806492,Zn(NO3)2·6H2O,3.361683531112381,48.721071863581,Yes,25,1440.0,290.0,not given,0.0689985544760816,NO3-,0.003846726440601453,0.05575082651818341
10.1016/j.seppur.2023.124547,Methanol,3495.630461922597,Zn(NO3)2·6H2O,5.042525296668571,40.19488428745432,Yes,25,1440.0,80.0,not given,0.1254519172292393,NO3-,0.001442522415225545,0.01149860796937533
10.1039/d0dt02141e,Water,8333.333333333332,Zn(NO3)2·6H2O,4.0,29.5,Yes,25,720.0,700.0,Cetyltrimethylammonium 0bromide,0.135593220338983,NO3-,0.0004800000000000001,0.003540000000000001
10.1021/acsami.3c02153,Methanol,5243.445692883895,Zn(NO3)2·6H2O,2.442263085353145,48.40438489646773,Yes,60,1440.0,40.0,not given,0.0504554099918201,NO3-,0.0004657744598494925,0.0092314076909692
10.1039/d1nr01603b,Water,1777.777777777778,Zn(CH3COO)2·2H2O,0.9367,29.577,Yes,120,1440.0,200.0,Cetyltrimethylammonium bromide,0.0316698786219021,CH3COO-,0.00052689375,0.0166370625
10.1039/d1nr01603b,Water,1777.777777777778,Zn(CH3COO)2·2H2O,0.9367,29.577,Yes,120,1440.0,200.0,Cetyltrimethylammonium bromide,0.0316698786219021,CH3COO-,0.00052689375,0.0166370625
10.1039/d1nr01603b,Water,1777.777777777778,Zn(CH3COO)2·2H2O,0.9367,29.577,Yes,120,1440.0,200.0,Cetyltrimethylammonium bromide,0.0316698786219021,CH3COO-,0.00052689375,0.0166370625
10.1039/d1nr01603b,Water,1777.777777777778,Zn(CH3COO)2·2H2O,0.9367,29.577,Yes,120,1440.0,200.0,Cetyltrimethylammonium bromide,0.0316698786219021,CH3COO-,0.00052689375,0.0166370625
10.1039/d1nr01603b,Water,1777.777777777778,Zn(CH3COO)2·2H2O,0.9367,29.577,Yes,120,1440.0,200.0,Cetyltrimethylammonium bromide,0.0316698786219021,CH3COO-,0.00052689375,0.0166370625
10.1016/j.seppur.2025.134615,Methanol,1997.503121098627,Zn(NO3)2·6H2O,2.000201701011866,8.0,Yes,90,360.0,84.56,not given,0.2500252126264833,NO3-,0.001001350976569066,0.004005
10.1039/c9nr09318d,Water,4444.444444444444,Zn(NO3)2·6H2O,1.0,55.0,Yes,120,360.0,219.8,Cetyltrimethylammonium bromide,0.0181818181818181,NO3-,0.000225,0.012375
10.1039/d2nr06812e,Water,2777.777777777777,Zn(NO3)2·6H2O,0.336168353111238,10.08404384896468,Yes,25,60.0,170.9,not given,0.0333366611794089,NO3-,0.0001210206071200457,0.003630255785627284
10.1016/j.micromeso.2021.110916,Methanol,749.0636704119851,Zn(NO3)2·6H2O,0.3418832151141291,4.993909866017053,Yes,50,120.0,5.0,not given,0.0684600291728536,NO3-,0.0004564140921773624,0.006666869671132765
10.1039/c9nr07895a,Methanol,998.7515605493134,Zn(NO3)2·6H2O,0.8,8.0,Yes,90,360.0,35.0,not given,0.1,NO3-,0.0008010000000000001,0.00801
10.1016/j.ijbiomac.2026.150416,Methanol,2496.878901373283,Zn(NO3)2·6H2O,2.464786365011597,19.7563946406821,Yes,28,30.0,155.5,not given,0.1247589152696992,NO3-,0.0009871469391871447,0.007912436053593179
10.1021/acs.jafc.5c08527,Water,8333.333333333332,Zn(NO3)2,11.87961985216473,75.76126674786846,Yes,25,30.0,200.0,not given,0.1568033424216598,NO3-,0.001425554382259768,0.009091352009744216
10.1016/j.micromeso.2021.111445,ethanol,1712.611243759497,Zn(NO3)2·6H2O,2.998621709752244,6.004872107186358,Yes,80,360.0,100.0,Polyvinylpyrrolidone,0.4993647918268949,NO3-,0.001750906237874346,0.003506266894525672
10.1039/d5na00217f,Methanol,299.625468164794,Zn(NO3)2·6H2O,0.9984200087403772,7.990255785627284,Yes,25,360.0,66.553,not given,0.1249546992646112,NO3-,0.003332226779171009,0.02666747868453106
10.1039/c3ce42485e,Methanol,282.147315855181,Zn(CH3COO)2,1.0,8.038976857490866,Yes,25,60.0,45.0,not given,0.1243939393939393,CH3COO-,0.003544247787610619,0.02849212594181497
10.1039/c3ce42485e,Methanol,282.147315855181,Zn(NO3)2,1.0,8.038976857490866,Yes,25,60.0,141.0,not given,0.1243939393939393,NO3-,0.003544247787610619,0.02849212594181497
10.1039/c3ce42485e,Methanol,282.147315855181,ZnSO4,1.0,8.038976857490866,Yes,25,60.0,211.0,not given,0.1243939393939393,SO42-,0.003544247787610619,0.02849212594181497
10.1039/c3ce42485e,Methanol,282.147315855181,Zn(ClO4)2,1.0,8.038976857490866,Yes,25,60.0,224.0,not given,0.1243939393939393,ClO4-,0.003544247787610619,0.02849212594181497
10.1039/c3ce42485e,Methanol,282.147315855181,ZnCl2,1.0,8.038976857490866,Yes,25,60.0,300.0,not given,0.1243939393939393,Cl-,0.003544247787610619,0.02849212594181497
10.1039/c3ce42485e,Methanol,282.147315855181,Zn(CH3COO)2,1.0,8.038976857490866,Yes,25,60.0,500.0,not given,0.1243939393939393,CH3COO-,0.003544247787610619,0.02849212594181497
10.1039/c3ce42485e,Methanol,282.147315855181,ZnI2,1.0,8.038976857490866,Yes,25,60.0,500.0,not given,0.1243939393939393,I-,0.003544247787610619,0.02849212594181497
10.1016/j.jwpe.2026.109579,Methanol,2496.878901373283,Zn(NO3)2·6H2O,2.500084042088278,6.686967113276493,Yes,50,90.0,130.0,not given,0.3738741345272269,NO3-,0.001001283658856355,0.002678130328867235
10.1016/j.ijbiomac.2024.131562,Water,222.2222222222222,Zn(CH3COO)2·2H2O,0.2004464489089335,6.004872107186358,Yes,25,360.0,440.4,not given,0.0333806358122179,CH3COO-,0.0009020090200902009,0.02702192448233862
10.1016/j.ijbiomac.2024.131562,Water,222.2222222222222,Zn(CH3COO)2·2H2O,0.2004464489089335,6.004872107186358,Yes,25,360.0,350.9,not given,0.0333806358122179,CH3COO-,0.0009020090200902009,0.02702192448233862
10.1021/acsanm.8b02214,"N,N-dimethylformamide",129.155835271583,Zn(NO3)2·6H2O,0.9984200087403772,7.990255785627284,Yes,25,60.0,6.0,not given,0.1249546992646112,NO3-,0.007730351529537517,0.06186523256054006
10.1016/j.inoche.2024.112225,Methanol,9987.515605493134,Zn(CH3COO)2,10.0,80.0,Yes,25,720.0,330.0,not given,0.125,CH3COO-,0.00100125,0.00801
10.1021/acsami.2c04603,Methanol,299.625468164794,Zn(NO3)2·6H2O,0.5042525296668571,4.019488428745433,Yes,45,180.0,93.0,not given,0.1254519172292392,NO3-,0.001682942817763135,0.01341504263093788
10.1021/acsami.2c04603,Methanol,299.625468164794,Zn(NO3)2·6H2O,0.5042525296668571,4.019488428745433,Yes,45,180.0,93.0,not given,0.1254519172292392,NO3-,0.001682942817763135,0.01341504263093788
10.1021/acsami.2c04603,Methanol,299.625468164794,Zn(NO3)2·6H2O,0.5042525296668571,4.019488428745433,Yes,45,180.0,93.0,not given,0.1254519172292392,NO3-,0.001682942817763135,0.01341504263093788
10.1021/acsami.2c04603,Methanol,299.625468164794,Zn(NO3)2·6H2O,0.5042525296668571,4.019488428745433,Yes,45,180.0,93.0,not given,0.1254519172292392,NO3-,0.001682942817763135,0.01341504263093788
10.1039/c3ce42648c,Methanol,749.0636704119851,Zn(NO3)2·6H2O,0.4992100043701885,2.996345919610232,No,70,20.0,15.0,not given,0.1666062656861482,NO3-,0.0006664453558342016,0.004000121802679659
10.1039/c3ce42648c,Methanol,749.0636704119851,Zn(NO3)2·6H2O,0.4992100043701885,2.996345919610232,No,70,20.0,70.0,not given,0.1666062656861482,NO3-,0.0006664453558342016,0.004000121802679659
10.1039/c3ce42648c,Methanol,749.0636704119851,Zn(NO3)2·6H2O,0.4992100043701885,2.996345919610232,No,70,20.0,140.0,not given,0.1666062656861482,NO3-,0.0006664453558342016,0.004000121802679659
10.1021/cm3006953,Methanol,2496.878901373283,Zn(NO3)2·6H2O,5.0,20.0,Yes,50,60.0,250.0,NaCOOH,0.25,NO3-,0.0020025,0.00801
10.1016/j.est.2024.111773,Water,11111.11111111111,Zn(NO3)2,2.35,131.5468940316687,Yes,25,180.0,262.0,Cetyltrimethylammonium bromide,0.0178643518518518,NO3-,0.0002115,0.01183922046285019
10.1016/j.est.2024.111773,Water,11111.11111111111,Zn(CH3COO)2,2.35,131.5468940316687,Yes,25,180.0,117.0,Cetyltrimethylammonium bromide,0.0178643518518518,CH3COO-,0.0002115,0.01183922046285019
10.1016/j.est.2024.111773,Water,11111.11111111111,ZnSO4,2.35,131.5468940316687,Yes,25,180.0,61.0,Cetyltrimethylammonium bromide,0.0178643518518518,SO42-,0.0002115,0.01183922046285019
10.1021/acsanm.4c03887,Methanol,749.0636704119851,Zn(NO3)2·6H2O,4.0,24.0,Yes,20,1440.0,90.0,not given,0.1666666666666666,NO3-,0.005339999999999999,0.03204
10.1021/acsanm.4c03887,Methanol,749.0636704119851,Zn(NO3)2·6H2O,4.0,24.0,Yes,20,1440.0,90.0,not given,0.1666666666666666,NO3-,0.005339999999999999,0.03204
10.1016/j.memsci.2015.10.032,Methanol,2496.878901373283,Zn(NO3)2·6H2O,3.533129391199112,28.44457978075518,Yes,25,60.0,50.0,not given,0.1242109891737451,NO3-,0.001415018321175244,0.01139205420219245
10.1039/d5ce00811e,"N,N-dimethylformamide",387.4675058147489,Zn(NO3)2·6H2O,1.0,8.0,Yes,140,1440.0,70.0,not given,0.125,NO3-,0.002580861581920904,0.02064689265536723
10.1039/d2ma00548d,Methanol,749.0636704119851,Zn(NO3)2·6H2O,0.2756580495512152,0.8891595615103532,No,25,1440.0,270.0,not given,0.3100209023034899,NO3-,0.0003680034961508723,0.001187028014616322
10.1016/j.est.2025.119413,Water,4444.444444444444,Zn(NO3)2·6H2O,2.420412142400914,9.987819732034106,Yes,25,20.0,400.0,Triethylamine,0.2423363864525793,NO3-,0.0005445927320402058,0.002247259439707674
10.1021/acsapm.4c02014,Methanol,2496.878901373283,Zn(NO3)2·6H2O,6.723367062224762,53.5931790499391,Yes,25,1440.0,125.0,not given,0.1254519172292393,NO3-,0.002692708508421017,0.02146406820950061
10.1021/acsapm.4c02014,Methanol,1997.503121098627,Zn(CH3COO)2·2H2O,13.14290920686984,19.53714981729598,Yes,25,1440.0,125.0,NaCH3COO,0.672713744316717,CH3COO-,0.006579668921689216,0.009780785627283801
10.1039/c7qi00752c,Methanol,4993.757802746567,Zn(NO3)2·6H2O,10.0,40.0,Yes,25,1440.0,500.0,not given,0.25,NO3-,0.0020025,0.00801
10.1039/d5ra05662d,Water,833.3333333333333,Zn(NO3)2·6H2O,3.375,27.0,Yes,25,60.0,50.0,not given,0.125,NO3-,0.004050000000000001,0.03240000000000001
10.1039/d5ra05662d,Water,833.3333333333333,Zn(NO3)2·6H2O,3.375,27.0,Yes,25,60.0,80.0,not given,0.125,NO3-,0.004050000000000001,0.03240000000000001
10.1016/j.jddst.2023.104249,Methanol,2496.878901373283,Zn(NO3)2·6H2O,4.934951423672975,19.73203410475031,Yes,25,60.0,95.0,not given,0.2500984641256488,NO3-,0.001976448045181026,0.007902679658952498
10.1016/j.talanta.2022.123563,Methanol,1498.12734082397,Zn(NO3)2·6H2O,3.79870239015699,37.88063337393423,Yes,50,180.0,240.0,not given,0.100280857309289,NO3-,0.002535633845429791,0.0252853227771011
10.1016/j.micromeso.2025.113513,THF,51.77922618222161,Zn(NO3)2·6H2O,0.0800080680404746,0.2399512789281364,Yes,25,720.0,200.0,PS153-b-PEO114,0.3334346388894909,NO3-,0.001545176974234995,0.004634122535622667
10.1016/j.micromeso.2025.113513,THF,51.77922618222161,Zn(NO3)2·6H2O,0.0800080680404746,0.2399512789281364,Yes,25,720.0,500.0,PS153-b-PEO114,0.3334346388894909,NO3-,0.001545176974234995,0.004634122535622667
10.1016/j.memsci.2025.125060,Methanol,749.0636704119851,Zn(CH3COO)2·2H2O,0.4191153022641338,24.96954933008526,Yes,20,360.0,150.0,not given,0.0167850567394562,CH3COO-,0.0005595189285226186,0.03333434835566382
10.1021/cm900166h,Methanol,9888.0,Zn(NO3)2·6H2O,9.87,79.04,Yes,25,60.0,40.0,-,0.1248734817813765,NO3-,0.0009981796116504853,0.007993527508090615
10.1021/cm900166h,DMF,2325.0,Zn(NO3)2·6H2O,2.0,16.0,No,25,1080.0,40.0,-,0.125,NO3-,0.0008602150537634409,0.006881720430107527
10.1021/cm103571y,Methanol,2472.0,Zn(NO3)2·6H2O,2.469,9.874,Initial,25,1440.0,65.0,-,0.2500506380392951,NO3-,0.0009987864077669903,0.003994336569579288
10.1021/cm103571y,Methanol,2472.0,Zn(NO3)2·6H2O,2.469,9.874,Initial,25,1440.0,20.0,9.864,0.2500506380392951,NO3-,0.0009987864077669903,0.003994336569579288
10.1021/cm103571y,Methanol,2472.0,Zn(NO3)2·6H2O,2.469,4.937,Initial,25,1440.0,39.0,9.864,0.5001012760785902,NO3-,0.0009987864077669903,0.001997168284789644
10.1021/cm103571y,Methanol,2472.0,Zn(NO3)2·6H2O,2.469,9.874,Initial,25,1440.0,9.0,4.937,0.2500506380392951,NO3-,0.0009987864077669903,0.003994336569579288
10.1021/cm103571y,Methanol,12360.0,Zn(NO3)2·6H2O,2.469,9.874,Initial,25,1440.0,20.0,9.864,0.2500506380392951,NO3-,0.0001997572815533981,0.0007988673139158577
10.1021/cm103571y,Methanol,12360.0,Zn(NO3)2·6H2O,2.469,4.937,Initial,25,1440.0,40.0,9.864,0.5001012760785902,NO3-,0.0001997572815533981,0.0003994336569579288
10.1021/cm103571y,Methanol,12360.0,Zn(NO3)2·6H2O,2.469,9.874,Initial,25,1440.0,9.0,4.937,0.2500506380392951,NO3-,0.0001997572815533981,0.0007988673139158577
10.1021/cm103571y,Methanol,1236.0,Zn(NO3)2·6H2O,2.469,9.874,Initial,25,1440.0,16.0,9.864,0.2500506380392951,NO3-,0.001997572815533981,0.007988673139158577
10.1021/cm103571y,Methanol,1236.0,Zn(NO3)2·6H2O,2.469,4.937,Initial,25,1440.0,42.0,9.864,0.5001012760785902,NO3-,0.001997572815533981,0.003994336569579288
10.1021/cm103571y,Methanol,1236.0,Zn(NO3)2·6H2O,2.469,9.874,Initial,25,1440.0,8.0,4.937,0.2500506380392951,NO3-,0.001997572815533981,0.007988673139158577
10.1039/c3cc38955c,Methanol,988.764,Zn(NO3)2·6H2O,0.867,3.203,5 min,25,1440.0,50.0,-,0.2706837339993756,NO3-,0.0008768523125841961,0.003239397874518085
10.1039/c3cc38955c,Methanol,988.764,Zn(CH3COO)2,0.954,3.203,5 min,25,1440.0,300.0,-,0.2978457695910084,CH3COO-,0.000964840952947316,0.003239397874518085
10.1039/c2ce26847g,Water,5555.556,Zn(NO3)2·6H2O,2.5,250.0,Yes,25,1440.0,250.0,-,0.01,NO3-,0.0004499999640000029,0.04499999640000029
10.1039/c2ce26847g,Water,5555.556,Zn(NO3)2·6H2O,2.5,200.0,Yes,25,1440.0,300.0,-,0.0125,NO3-,0.0004499999640000029,0.03599999712000023
10.1039/c2ce26847g,Water,5555.556,Zn(NO3)2·6H2O,2.5,150.0,Yes,25,1440.0,490.0,-,0.01666666666666667,NO3-,0.0004499999640000029,0.02699999784000017
10.1039/c2ce26847g,Water,5555.556,Zn(NO3)2·6H2O,2.5,150.0,Yes,25,5.0,470.0,-,0.01666666666666667,NO3-,0.0004499999640000029,0.02699999784000017
10.1039/c2ce26847g,Water,5555.556,Zn(NO3)2·6H2O,2.5,150.0,Yes,25,20.0,530.0,-,0.01666666666666667,NO3-,0.0004499999640000029,0.02699999784000017
10.1039/c2ce26847g,Water,5555.556,Zn(NO3)2·6H2O,2.5,150.0,Yes,25,60.0,498.0,-,0.01666666666666667,NO3-,0.0004499999640000029,0.02699999784000017
10.1039/c2ce26847g,Water,5555.556,Zn(NO3)2·6H2O,2.5,150.0,Yes,25,1440.0,635.0,-,0.01666666666666667,NO3-,0.0004499999640000029,0.02699999784000017
10.1016/j.jcis.2014.03.014,Methanol,9888.0,Zn(NO3)2·6H2O,14.126,113.006,Yes,25,120.0,134.0,-,0.1250022122719148,NO3-,0.001428600323624595,0.01142860032362459
10.1016/j.jcis.2014.03.014,Ethanol,9888.0,Zn(NO3)2·6H2O,14.126,113.006,Yes,25,120.0,342.0,-,0.1250022122719148,NO3-,0.001428600323624595,0.01142860032362459
10.1016/j.jcis.2014.03.014,n-propanol,9888.0,Zn(NO3)2·6H2O,14.126,113.006,Yes,25,120.0,212.0,-,0.1250022122719148,NO3-,0.001428600323624595,0.01142860032362459
10.1016/j.jcis.2014.03.014,2-propanol,9888.0,Zn(NO3)2·6H2O,14.126,113.006,Yes,25,120.0,421.0,-,0.1250022122719148,NO3-,0.001428600323624595,0.01142860032362459
10.1016/j.jcis.2014.03.014,n-butanol,9888.0,Zn(NO3)2·6H2O,14.126,113.006,Yes,25,120.0,324.0,-,0.1250022122719148,NO3-,0.001428600323624595,0.01142860032362459
10.1016/j.jcis.2014.03.014,2-butanol,9888.0,Zn(NO3)2·6H2O,14.126,113.006,Yes,25,120.0,372.0,-,0.1250022122719148,NO3-,0.001428600323624595,0.01142860032362459
10.1016/j.jcis.2014.03.014,n-octanol,9888.0,Zn(NO3)2·6H2O,14.126,113.006,Yes,25,120.0,413.0,-,0.1250022122719148,NO3-,0.001428600323624595,0.01142860032362459
10.1016/j.jcis.2014.03.014,Ethanol,9888.0,Zn(NO3)2·6H2O,14.126,113.006,Yes,25,1.0,16.6,-,0.1250022122719148,NO3-,0.001428600323624595,0.01142860032362459
10.1016/j.jcis.2014.03.014,n-propanol,9888.0,Zn(NO3)2·6H2O,14.126,113.006,Yes,25,1.0,16.7,-,0.1250022122719148,NO3-,0.001428600323624595,0.01142860032362459
10.1016/j.jcis.2014.03.014,2-propanol,9888.0,Zn(NO3)2·6H2O,14.126,113.006,Yes,25,1.0,20.1,-,0.1250022122719148,NO3-,0.001428600323624595,0.01142860032362459
10.1016/j.jcis.2014.03.014,n-butanol,9888.0,Zn(NO3)2·6H2O,14.126,113.006,Yes,25,1.0,22.8,-,0.1250022122719148,NO3-,0.001428600323624595,0.01142860032362459
10.1016/j.jcis.2014.03.014,2-butanol,9888.0,Zn(NO3)2·6H2O,14.126,113.006,Yes,25,1.0,18.1,-,0.1250022122719148,NO3-,0.001428600323624595,0.01142860032362459
10.1016/j.jcis.2014.03.014,n-octanol,9888.0,Zn(NO3)2·6H2O,14.126,113.006,Yes,25,1.0,27.7,-,0.1250022122719148,NO3-,0.001428600323624595,0.01142860032362459
10.1016/j.micromeso.2015.08.041,Methanol,2471.91,Zn(NO3)2·4H2O,2.48,19.99,Yes,-15,60.0,78.0,-,0.1240620310155078,NO3-,0.001003272772876035,0.008086864003948363
10.1016/j.micromeso.2015.08.041,Methanol,2471.91,Zn(NO3)2·4H2O,2.48,19.99,Yes,-5,60.0,59.0,-,0.1240620310155078,NO3-,0.001003272772876035,0.008086864003948363
10.1016/j.micromeso.2015.08.041,Methanol,2471.91,Zn(NO3)2·4H2O,2.48,19.99,Yes,2,60.0,56.0,-,0.1240620310155078,NO3-,0.001003272772876035,0.008086864003948363
10.1016/j.micromeso.2015.08.041,Methanol,2471.91,Zn(NO3)2·4H2O,2.48,19.99,Yes,25,60.0,41.0,-,0.1240620310155078,NO3-,0.001003272772876035,0.008086864003948363
10.1016/j.micromeso.2015.08.041,Methanol,2471.91,Zn(NO3)2·4H2O,2.48,19.99,Yes,40,60.0,30.0,-,0.1240620310155078,NO3-,0.001003272772876035,0.008086864003948363
10.1016/j.micromeso.2015.08.041,Methanol,2471.91,Zn(NO3)2·4H2O,2.48,19.99,Yes,50,60.0,26.0,-,0.1240620310155078,NO3-,0.001003272772876035,0.008086864003948363
10.1016/j.micromeso.2015.08.041,Methanol,2471.91,Zn(NO3)2·4H2O,2.48,19.99,Yes,60,60.0,27.0,-,0.1240620310155078,NO3-,0.001003272772876035,0.008086864003948363
10.1021/acsami.7b04432,Methanol,4301.124,Zn(NO3)2·6H2O,8.761,69.884,Yes,25,1440.0,185.0,-,0.1253648903897888,NO3-,0.002036909421816251,0.01624784591190582
10.1021/ja109268m,Methanol,705.236,Zn(NO3)2·6H2O,1.008,8.039,Initial,25,10.0,50.0,-,0.125388729941535,NO3-,0.001429308770397427,0.01139902103692948
10.1021/ja109268m,Methanol,705.236,Zn(NO3)2·6H2O,1.008,8.039,Initial,25,30.0,230.0,-,0.125388729941535,NO3-,0.001429308770397427,0.01139902103692948
10.1021/ja109268m,Methanol,705.236,Zn(NO3)2·6H2O,1.008,8.039,Initial,25,40.0,230.0,-,0.125388729941535,NO3-,0.001429308770397427,0.01139902103692948
10.1021/ja109268m,Methanol,705.236,Zn(NO3)2·6H2O,1.008,8.039,Initial,25,60.0,230.0,-,0.125388729941535,NO3-,0.001429308770397427,0.01139902103692948
10.1021/ja109268m,Methanol,705.236,Zn(NO3)2·6H2O,1.008,8.039,Initial,25,720.0,500.0,-,0.125388729941535,NO3-,0.001429308770397427,0.01139902103692948
10.1021/ja109268m,Methanol,705.236,Zn(NO3)2·6H2O,1.008,8.039,Initial,25,1440.0,500.0,-,0.125388729941535,NO3-,0.001429308770397427,0.01139902103692948
10.1039/c0cc05002d,Water,4444.444,Zn(NO3)2·6H2O,3.933,276.492,Yes,22,5.0,110.0,-,0.01422464302764637,NO3-,0.0008849250884925087,0.06221070622107062
10.1039/c0cc05002d,Water,4444.444,Zn(NO3)2·6H2O,3.933,394.641,Yes,22,5.0,98.0,-,0.009966019749595201,NO3-,0.0008849250884925087,0.08879423387942338
10.1039/c0cc05002d,Water,4444.444,Zn(NO3)2·6H2O,3.933,789.281,Yes,22,5.0,82.0,-,0.004983016188150989,NO3-,0.0008849250884925087,0.1775882427588243
10.1039/c3cc45308a,Methanol,3460.674,Zn(NO3)2·6H2O,3.449,244.482,Yes,25,60.0,53.0,-,0.01410737804828167,NO3-,0.0009966266686778356,0.07064577593844436
10.1039/c3cc45308a,Water,7064.444,Zn(NO3)2·6H2O,5.681,399.391,Yes,25,5.0,175.0,-,0.01422415627793315,NO3-,0.0008041680279438834,0.0565353763155317
10.1021/acs.chemmater.6b01087,Methanol,9888.0,Zn(NO3)2·6H2O,9.87,79.04,Yes,25,60.0,90.0,-,0.1248734817813765,NO3-,0.0009981796116504853,0.007993527508090615
10.1016/j.colsurfa.2017.02.012,Methanol,2471.91,Zn(NO3)2·6H2O,4.941,39.586,Yes,25,60.0,25.0,-,0.1248168544434901,NO3-,0.001998859181766326,0.01601433709156078
10.1039/C3CE42485E,Methanol,558.652,Zn(CH3COO)2·2H2O,1.0,8.0,Yes dropwise,25,60.0,500.0,-,0.125,CH3COO-,0.001790023127098802,0.01432018501679042
10.1039/C3CE42485E,Methanol,558.652,Zn(CH3COO)2,1.0,8.0,Yes dropwise,25,60.0,85.0,-,0.125,CH3COO-,0.001790023127098802,0.01432018501679042
10.1039/C3CE42485E,Methanol,558.652,ZnCl2,1.0,8.0,Yes dropwise,25,60.0,150.0,-,0.125,Cl-,0.001790023127098802,0.01432018501679042
10.1039/C3CE42485E,Methanol,558.652,Zn(NO3)2·6H2O,1.0,8.0,Yes dropwise,25,60.0,141.0,-,0.125,NO3-,0.001790023127098802,0.01432018501679042
10.1039/C3CE42485E,Methanol,558.652,Zn(ClO4)2·6H2O,1.0,8.0,Yes dropwise,25,60.0,224.0,-,0.125,ClO4-,0.001790023127098802,0.01432018501679042
10.1039/C3CE42485E,Methanol,558.652,ZnSO4·7H2O,1.0,8.0,Yes dropwise,25,60.0,211.0,-,0.125,SO42-,0.001790023127098802,0.01432018501679042
10.1039/C3CE42485E,Methanol,558.652,ZnI,1.0,8.0,Yes dropwise,25,60.0,500.0,-,0.125,I-,0.001790023127098802,0.01432018501679042
10.1038/nchem.1272,Methanol,741.573,Zn(NO3)2·6H2O,0.375,0.375,No,25,1440.0,458.0,-,1.0,NO3-,0.0005056818411673565,0.0005056818411673565
10.1021/acs.cgd.9b01444,Methanol,988.0,Zn(NO3)2·6H2O,1.0,8.0,Yes,25,60.0,100.0,-,0.125,NO3-,0.001012145748987854,0.008097165991902834
10.1021/acs.cgd.9b01444,Methanol,988.0,Zn(NO3)2·6H2O,1.0,50.0,Yes,25,60.0,128.0,-,0.02,NO3-,0.001012145748987854,0.05060728744939271
10.1021/acs.cgd.9b01444,Methanol,988.0,Zn(NO3)2·6H2O,1.0,100.0,Yes,25,60.0,128.0,-,0.01,NO3-,0.001012145748987854,0.1012145748987854
10.1021/jacs.5b11720,Water,712.0,Zn(NO3)2·6H2O,0.66,24.36,Yes,25,15.0,180.0,4348.520,0.0270935960591133,NO3-,0.0009269662921348315,0.03421348314606742
10.1021/jacs.5b11720,Water,712.0,Zn(NO3)2·6H2O,0.66,24.36,Yes,25,15.0,210.0,13044.480,0.0270935960591133,NO3-,0.0009269662921348315,0.03421348314606742
10.1021/jacs.5b11720,Water,712.0,Zn(NO3)2·6H2O,0.66,24.36,Yes,25,15.0,250.0,21740.800,0.0270935960591133,NO3-,0.0009269662921348315,0.03421348314606742
10.1021/jacs.5b11720,Water,712.0,Zn(NO3)2·6H2O,0.66,24.36,Yes,25,15.0,120.0,0.000,0.0270935960591133,NO3-,0.0009269662921348315,0.03421348314606742
10.1039/c4nr00348a,Methanol,1729.0,Zn(NO3)2·6H2O,2.47,19.76,No,25,60.0,50.0,-,0.125,NO3-,0.001428571428571429,0.01142857142857143
10.1021/nn406590q,Methanol,176.7,Zn(NO3)2·6H2O,0.5,4.02,Yes,25,5.0,80.0,0.001,0.1243781094527363,NO3-,0.002829654782116582,0.02275042444821732
10.1021/nl5026419,Methanol,2470.0,Zn(NO3)2·6H2O,1.25,1.25,No,25,1440.0,250.0,2.5 mg / 0.75 mg,1.0,NO3-,0.0005060728744939271,0.0005060728744939271
10.1021/ja5084128,Methanol,2470.0,Zn(NO3)2·6H2O,5.0,40.0,Yes,25,120.0,100.0,-,0.125,NO3-,0.002024291497975709,0.01619433198380567
10.1021/cs1000625,DMF,1679.026,Zn(NO3)2·6H2O,6.33,5.82,No,140,1440.0,150.0,-,1.087628865979381,NO3-,0.003770042870092542,0.003466295340274659
10.1021/jz300855a,Methanol,1977.528,Zn(NO3)2·6H2O,1.977,9.883,Yes,25,7.0,26.0,-,0.200040473540423,NO3-,0.0009997329999878637,0.004997653636256983
10.1021/acscatal.6b02966,Methanol,10000.0,Zn(NO3)2·6H2O,9.87,79.4,Yes,25,60.0,50.0,-,0.1243073047858942,NO3-,0.000987,0.007940000000000001
10.1021/ja1058229,Methanol,988.764,Zn(NO3)2·6H2O,0.987,7.904,Yes,25,60.0,34.0,-,0.1248734817813765,NO3-,0.0009982159544643615,0.00799381854517357
10.1039/c1ce05780d,Methanol,4444.444,Zn(NO3)2·6H2O,0.975,55.29,No,120,360.0,35.0,-,0.0176342919153554,NO3-,0.0002193750219375022,0.01244025124402512
10.1039/c1ce05780d,Water,4444.444,Zn(NO3)2·6H2O,0.975,55.29,No,120,360.0,500.0,0.01 % w/w,0.0176342919153554,NO3-,0.0002193750219375022,0.01244025124402512
10.1039/c1ce05780d,Water,4444.444,Zn(NO3)2·6H2O,0.975,55.29,No,120,360.0,250.0,0.0125 % w/w,0.0176342919153554,NO3-,0.0002193750219375022,0.01244025124402512
10.1039/c1ce05780d,Water,4444.444,Zn(NO3)2·6H2O,0.975,55.29,No,120,360.0,190.0,0.018 % w/w,0.0176342919153554,NO3-,0.0002193750219375022,0.01244025124402512
10.1039/c1ce05780d,Water,4444.444,Zn(NO3)2·6H2O,0.975,55.29,No,120,360.0,108.0,0.025 % w/w,0.0176342919153554,NO3-,0.0002193750219375022,0.01244025124402512
10.1039/c1ce05780d,Water,4444.444,Zn(NO3)2·6H2O,0.975,55.29,No,120,360.0,200.0,0.025 % w/w,0.0176342919153554,NO3-,0.0002193750219375022,0.01244025124402512
10.1002/anie.201507692,Methanol,494.382,Zn(NO3)2·6H2O,8.0,4.0,Yes,25,30.0,120.0,-,2.0,NO3-,0.0161818189173554,0.008090909458677702
10.1039/C6TA07860E,Methanol,741.0,Zn(NO3)2·6H2O,1.0,8.0,Yes,25,1440.0,80.0,-,0.125,NO3-,0.001349527665317139,0.01079622132253711
10.1021/jz402019d,Methanol,2000.0,Zn(NO3)2·6H2O,1.977,9.883,Yes,25,7.0,50.0,-,0.200040473540423,NO3-,0.0009885,0.0049415
10.1016/j.jhazmat.2014.03.047,Methanol,988.764,Zn(CH3COO)2,0.97,3.203,Initial,25,1440.0,36.3,-,0.3028410864814237,CH3COO-,0.0009810227718646714,0.003239397874518085
10.1021/am403079n,Methanol,3955.056,Zn(NO3)2·6H2O,3.943,31.608,Yes,25,60.0,32.0,-,0.1247468995191091,NO3-,0.0009969517498614432,0.007991795817808902
10.1016/j.nanoen.2016.10.017,Methanol,2000.0,Zn(NO3)2·6H2O,2.72,6.4,Yes,100,720.0,500.0,-,0.425,NO3-,0.00136,0.0032
10.1002/adfm.201705356,Methanol,741.0,Zn(NO3)2·6H2O,2.07,6.4,Initial,35,720.0,50.0,-,0.3234374999999999,NO3-,0.002793522267206478,0.00863697705802969
10.1038/nmat4852,Water,1111.111,Zn(NO3)2·6H2O,0.24,13.2,Initial,25,1440.0,117.0,0.008,0.01818181818181818,NO3-,0.0002160000216000021,0.01188000118800012
10.1038/nmat4852,Methanol,990.0,Zn(NO3)2·6H2O,1.36,3.2,Initial,25,1440.0,700.0,-,0.425,NO3-,0.001373737373737374,0.003232323232323232
10.1021/jacs.7b06859,Water,4944.444,Zn(NO3)2·6H2O,3.994,279.573,Yes,35,2.0,75.0,-,0.01428607197404614,NO3-,0.0008077753535078969,0.05654285901508845
10.1038/s41467-019-10218-9,Methanol,5000.0,Zn(NO3)2·6H2O,4.34,19.74,No,25,1440.0,92.0,-,0.2198581560283688,NO3-,0.000868,0.003948
10.1039/c4ee01009d,Methanol,12400.0,Zn(NO3)2·6H2O,20.7,82.7,Yes,25,1440.0,25.0,-,0.2503022974607013,NO3-,0.001669354838709677,0.006669354838709678
10.1002/anie.201102071,Methanol,2471.0,Zn(NO3)2·6H2O,2.469,9.874,No,25,1440.0,65.0,-,0.2500506380392951,NO3-,0.0009991906110886281,0.003995953055443141
10.1016/j.catcom.2012.12.003,Methanol,2800.0,Zn(NO3)2·6H2O,8.0,64.4,Yes,25,480.0,235.0,-,0.124223602484472,NO3-,0.002857142857142857,0.023
10.1021/jp508381m,Methanol,2471.0,Zn(NO3)2·6H2O,1.68,26.83,Yes,25,480.0,150.0,-,0.06261647409616102,NO3-,0.0006798866855524079,0.01085795224605423
10.1021/jacs.5b00803,Water,4888.889,Zn(NO3)2·6H2O,3.7,276.0,Yes,25,720.0,338.0,-,0.01340579710144928,NO3-,0.000756818164617769,0.05645454417148763
10.1039/c6ta02420c,Methanol,1977.0,Zn(NO3)2·6H2O,5.67,45.0,Yes,25,1440.0,85.0,-,0.126,NO3-,0.002867981790591806,0.02276176024279211
10.1039/c5ra04033g,Water,1280.0,Zn(NO3)2·6H2O,1.0,70.0,No,25,1440.0,110.0,-,0.01428571428571429,NO3-,0.00078125,0.0546875
10.1039/c5ra04033g,Water,1280.0,Zn(NO3)2·6H2O,1.0,35.0,No,25,1440.0,200.0,-,0.02857142857142857,NO3-,0.00078125,0.02734375
10.1039/c5ra04033g,Water,1280.0,Zn(CH3COO)2·2H2O,1.0,70.0,No,25,1440.0,205.0,-,0.01428571428571429,CH3COO-,0.00078125,0.0546875
10.1039/c5ra04033g,Water,1280.0,Zn(CH3COO)2·2H2O,1.0,35.0,No,25,1440.0,620.0,-,0.02857142857142857,CH3COO-,0.00078125,0.02734375
10.1039/c5ra04033g,Water,1280.0,ZnCl2,1.0,70.0,No,25,1440.0,110.0,-,0.01428571428571429,Cl-,0.00078125,0.0546875
10.1039/c5ra04033g,Water,1280.0,ZnCl2,1.0,35.0,No,25,1440.0,500.0,-,0.02857142857142857,Cl-,0.00078125,0.02734375
10.1039/c5ra04033g,Water,1280.0,ZnI2,1.0,70.0,No,25,1440.0,50.0,--,0.01428571428571429,I-,0.00078125,0.0546875
10.1039/c5ra04033g,Water,1280.0,ZnI2,1.0,35.0,No,25,1440.0,375.0,-,0.02857142857142857,I-,0.00078125,0.02734375
10.1039/c5ra04033g,Water,1280.0,ZnBr2,1.0,70.0,No,25,1440.0,40.0,-,0.01428571428571429,Br-,0.00078125,0.0546875
10.1039/c5ra04033g,Water,1280.0,ZnBr2,1.0,35.0,No,25,1440.0,360.0,-,0.02857142857142857,Br-,0.00078125,0.02734375
10.1038/NCHEM.2875,Water,555.556,Zn(CH3COO)2·2H2O,1.0,27.2,No,25,120.0,178.0,0.005,0.03676470588235294,CH3COO-,0.001799998560001152,0.04895996083203133
10.1038/NCHEM.2875,Water,555.556,Zn(CH3COO)2·2H2O,1.0,27.2,No,25,120.0,193.0,0.005,0.03676470588235294,CH3COO-,0.001799998560001152,0.04895996083203133
10.1038/NCHEM.2875,Water,555.556,Zn(CH3COO)2·2H2O,1.0,25.8,No,25,120.0,210.0,0.005,0.03875968992248062,CH3COO-,0.001799998560001152,0.04643996284802972
10.1038/NCHEM.2875,Water,555.556,Zn(CH3COO)2·2H2O,1.0,27.2,No,25,120.0,227.0,0.004,0.03676470588235294,CH3COO-,0.001799998560001152,0.04895996083203133
10.1038/NCHEM.2875,Water,555.556,Zn(CH3COO)2·2H2O,1.0,27.2,No,25,1440.0,530.0,-,0.03676470588235294,CH3COO-,0.001799998560001152,0.04895996083203133
10.1021/jp407792a,Methanol,1235.0,Zn(NO3)2·6H2O,1.23,9.87,No,25,1440.0,50.0,-,0.1246200607902736,NO3-,0.0009959514170040486,0.007991902834008097
10.1021/jacs.5b00817,Methanol,370.0,Zn(NO3)2·6H2O,1.0,1.0,No,25,60.0,400.0,-,1.0,NO3-,0.002702702702702703,0.002702702702702703
10.1021/jacs.5b00817,Methanol,370.0,Zn(NO3)2·6H2O,1.0,8.0,No,25,60.0,50.0,-,0.125,NO3-,0.002702702702702703,0.02162162162162162
10.1002/smll.201704282,Methanol,2224.0,Zn(NO3)2·6H2O,8.0,30.0,Yes,25,600.0,200.0,-,0.2666666666666667,NO3-,0.003597122302158274,0.01348920863309352
10.1039/C6NR08987A,Methanol,2373.0,Zn(NO3)2·6H2O,2.0,8.0,Yes,25,240.0,50.0,-,0.25,NO3-,0.0008428150021070375,0.00337126000842815
10.1039/C6NR08987A,Methanol,2373.0,Zn(NO3)2·6H2O,1.0,8.0,Yes,25,240.0,200.0,-,0.125,NO3-,0.0004214075010535188,0.00337126000842815
10.1039/C6NR08987A,Methanol,2373.0,Zn(NO3)2·6H2O,4.0,8.0,Yes,25,240.0,500.0,-,0.5,NO3-,0.001685630004214075,0.00337126000842815
10.1002/adfm.201802596,Methanol,1483.146,Zn(NO3)2·6H2O,1.997,16.005,Yes,35,240.0,100.0,-,0.1247735082786629,NO3-,0.001346462182414948,0.01079125049051139
10.1039/c3nr04390h,Water,2777.778,Zn(NO3)2·6H2O,1.244,9.866,Yes,25,720.0,50.0,9.882,0.1260896006486925,NO3-,0.0004478399641728029,0.003551759715859223
10.1016/j.chemphys.2012.12.012,Water,4444.444,Zn(NO3)2·6H2O,3.933,276.492,Yes,25,10.0,200.0,-,0.01422464302764637,NO3-,0.0008849250884925087,0.06221070622107062
10.1039/c3ta12433a,Methanol,1977.528,Zn(NO3)2·6H2O,1.973,15.81,Yes,25,120.0,100.0,-,0.1247944339025933,NO3-,0.0009977102726231942,0.007994829908855906
10.1002/adfm.201603607,Methanol,2471.91,Zn(NO3)2·6H2O,2.47,19.85,Yes,25,60.0,40.0,-,0.1244332493702771,NO3-,0.0009992273181466964,0.00803022763773762
10.1002/adfm.201603607,Methanol,2471.91,Zn(NO3)2·6H2O,3.6,28.71,Yes,25,1440.0,80.0,-,0.1253918495297806,NO3-,0.001456363702561987,0.01161450052793184
10.1002/adfm.201603607,Water,5555.556,Zn(NO3)2·6H2O,2.5,250.0,Yes,25,1440.0,320.0,-,0.01,NO3-,0.0004499999640000029,0.04499999640000029
10.1021/acs.jpcc.5b09520,Water,5555.556,Zn(NO3)2·6H2O,2.5,150.0,Yes,25,1440.0,60.0,0.050,0.01666666666666667,NO3-,0.0004499999640000029,0.02699999784000017
10.1021/acs.jpcc.5b09520,Water,5555.556,Zn(NO3)2·6H2O,2.5,200.0,Yes,25,1440.0,330.0,-,0.0125,NO3-,0.0004499999640000029,0.03599999712000023
10.1021/acs.jpcc.5b09520,Water,5555.556,Zn(CH3COO)2·2H2O,2.5,150.0,Yes,25,1440.0,470.0,0.020,0.01666666666666667,CH3COO-,0.0004499999640000029,0.02699999784000017
10.1021/acs.jpcc.5b09520,Water,5555.556,Zn(NO3)2·6H2O,2.5,150.0,Yes,25,1440.0,730.0,-,0.01666666666666667,NO3-,0.0004499999640000029,0.02699999784000017
10.1021/acsami.7b05142,Water,244.444,Zn(NO3)2·6H2O,0.336,12.18,Yes,25,600.0,147.0,-,0.02758620689655173,NO3-,0.001374547953723552,0.04982736332247877
10.1039/c5ta00524h,Methanol,9887.64,Zn(NO3)2·6H2O,10.0,80.0,Initial,25,2880.0,200.0,-,0.125,NO3-,0.001011363682334713,0.008090909458677704
10.1039/c5ta00524h,Methanol,4943.82,Zn(NO3)2·6H2O,10.0,40.0,Initial,25,720.0,70.0,-,0.25,NO3-,0.002022727364669426,0.008090909458677704
10.1039/c5ta00524h,Methanol,4943.82,Zn(NO3)2·6H2O,10.0,40.0,Initial,25,120.0,15.0,40.000,0.25,NO3-,0.002022727364669426,0.008090909458677704
10.1039/C4RA03593C,Water,3364.444,Zn(NO3)2·6H2O,6.72,40.43,Yes,25,30.0,287.0,14.349,0.1662132080138511,NO3-,0.001997358255925793,0.01201684438795831
10.1039/C4RA03593C,Water,3364.444,Zn(NO3)2·6H2O,6.72,40.43,Yes,25,30.0,162.0,17.937,0.1662132080138511,NO3-,0.001997358255925793,0.01201684438795831
10.1039/C4RA03593C,Water,3364.444,Zn(NO3)2·6H2O,6.72,40.43,Yes,25,30.0,133.0,21.524,0.1662132080138511,NO3-,0.001997358255925793,0.01201684438795831
10.1039/C4RA03593C,Water,3364.444,Zn(NO3)2·6H2O,6.72,40.43,Yes,25,30.0,141.0,25.111,0.1662132080138511,NO3-,0.001997358255925793,0.01201684438795831
10.1016/j.cej.2014.08.075,Water,4888.889,Zn(NO3)2·6H2O,3.933,276.492,Yes,25,5.0,100.0,-,0.01422464302764637,NO3-,0.0008044772544436987,0.05655518053283681
10.1016/j.micromeso.2015.08.041,Methanol,2471.91,Zn(NO3)2·4H2O,2.48,19.99,Yes,-15,60.0,78.0,-,0.1240620310155078,NO3-,0.001003272772876035,0.008086864003948363
10.1016/j.micromeso.2015.08.041,Methanol,2471.91,Zn(NO3)2·4H2O,2.48,19.99,Yes,-5,60.0,59.0,-,0.1240620310155078,NO3-,0.001003272772876035,0.008086864003948363
10.1016/j.micromeso.2015.08.041,Methanol,2471.91,Zn(NO3)2·4H2O,2.48,19.99,Yes,2,60.0,56.0,-,0.1240620310155078,NO3-,0.001003272772876035,0.008086864003948363
10.1016/j.micromeso.2015.08.041,Methanol,2471.91,Zn(NO3)2·4H2O,2.48,19.99,Yes,25,60.0,41.0,-,0.1240620310155078,NO3-,0.001003272772876035,0.008086864003948363
10.1016/j.micromeso.2015.08.041,Methanol,2471.91,Zn(NO3)2·4H2O,2.48,19.99,Yes,40,60.0,30.0,-,0.1240620310155078,NO3-,0.001003272772876035,0.008086864003948363
10.1016/j.micromeso.2015.08.041,Methanol,2471.91,Zn(NO3)2·4H2O,2.48,19.99,Yes,50,60.0,26.0,-,0.1240620310155078,NO3-,0.001003272772876035,0.008086864003948363
10.1016/j.micromeso.2015.08.041,Methanol,2471.91,Zn(NO3)2·4H2O,2.48,19.99,Yes,60,60.0,27.0,-,0.1240620310155078,NO3-,0.001003272772876035,0.008086864003948363
10.1016/j.micromeso.2016.08.022,Water,5555.556,Zn(NO3)2·6H2O,2.5,150.0,Yes,25,1440.0,200.0,-,0.01666666666666667,NO3-,0.0004499999640000029,0.02699999784000017
10.1080/02726351.2014.920445,Methanol,6858.443,Zn(NO3)2·6H2O,9.85,79.0,Yes,25,5.0,77.0,-,0.1246835443037975,NO3-,0.001436186026478604,0.01151864934942231
10.1080/02726351.2014.920445,Methanol,6858.443,Zn(NO3)2·6H2O,9.85,79.0,Yes,25,60.0,80.0,-,0.1246835443037975,NO3-,0.001436186026478604,0.01151864934942231
10.1080/02726351.2014.920445,Methanol,6858.443,Zn(NO3)2·6H2O,9.85,79.0,Yes,25,1440.0,80.0,-,0.1246835443037975,NO3-,0.001436186026478604,0.01151864934942231
10.1080/02726351.2014.920445,Methanol,855.578,Zn(NO3)2·6H2O,9.85,79.0,Yes,25,60.0,330.0,-,0.1246835443037975,NO3-,0.01151268499190021,0.09233524003656009
10.1080/02726351.2014.920445,Methanol,9888.0,Zn(NO3)2·6H2O,9.85,79.0,Yes,25,60.0,40.0,-,0.1246835443037975,NO3-,0.0009961569579288025,0.00798948220064725
10.1039/c6dt00565a,Water,4888.889,Zn(NO3)2·6H2O,3.936,276.8,SI,25,5.0,140.0,-,0.01421965317919075,NO3-,0.0008050908907933888,0.05661818053140499
10.1039/c6dt00565a,Water,5555.556,Zn(NO3)2·6H2O,2.5,249.3,SI,25,1440.0,213.0,-,0.01002807862013638,NO3-,0.0004499999640000029,0.0448739964100803
10.1039/c6dt00565a,Water,5555.556,Zn(NO3)2·6H2O,2.5,149.4,SI,25,1440.0,608.0,-,0.01673360107095047,NO3-,0.0004499999640000029,0.02689199784864018
10.1016/j.apsusc.2017.06.183,Methanol,494.382,Zn(NO3)2·6H2O,3.0,12.0,Yes,40,30.0,428.0,-,0.25,NO3-,0.006068182094008277,0.02427272837603311
10.1016/j.apsusc.2017.06.183,DMF,258.312,Zn(NO3)2·6H2O,3.0,12.0,Yes,40,30.0,80.0,-,0.25,NO3-,0.0116138623060485,0.04645544922419399
10.1016/j.tetlet.2016.11.070,Water,5000.0,Zn(NO3)2·6H2O,2.25,157.5,Yes,25,60.0,355.0,-,0.01428571428571429,NO3-,0.00045,0.0315
10.1016/j.micromeso.2019.109568,Methanol,2471.91,Zn(NO3)2·6H2O,2.454,9.866,Initial,25,1440.0,100.0,-,0.2487330225015204,NO3-,0.0009927545905797541,0.003991245635965711
10.1021/acs.jpcc.5b01519,Methanol,9887.64,Zn(NO3)2·6H2O,9.87,79.04,No,25,60.0,90.0,-,0.1248734817813765,NO3-,0.0009982159544643615,0.007993818545173571
10.1021/acs.jpcc.5b01519,Water,4888.889,Zn(NO3)2·6H2O,3.37,276.5,Yes,25,20.0,420.0,-,0.0121880650994575,NO3-,0.0006893181661518598,0.05655681689643598
10.1002/cjce.23155,Methanol,494.382,Zn(NO3)2·6H2O,1.0,4.0,Yes,20,24.0,59.0,-,0.25,NO3-,0.002022727364669426,0.008090909458677702
10.1002/cjce.23155,Ethanol,342.522,Zn(NO3)2·6H2O,1.0,4.0,Yes,20,24.0,67.0,-,0.25,NO3-,0.002919520497953416,0.01167808199181366
10.1002/cjce.23155,n-propanol,262.939,Zn(NO3)2·6H2O,1.0,4.0,Yes,20,24.0,77.0,-,0.25,NO3-,0.00380316347137549,0.01521265388550196
10.1002/cjce.23155,Methanol,247.191,Zn(NO3)2·6H2O,1.0,4.0,Yes,20,24.0,100.0,-,0.25,NO3-,0.004045454729338851,0.0161818189173554
10.1002/cjce.23155,Methanol,494.382,Zn(NO3)2·6H2O,1.0,4.0,Yes,20,24.0,59.0,-,0.25,NO3-,0.002022727364669426,0.008090909458677702
10.1002/cjce.23155,Methanol,494.382,Zn(NO3)2·6H2O,1.0,4.0,No,50,6.0,40.0,-,0.25,NO3-,0.002022727364669426,0.008090909458677702
10.1002/cjce.23155,Methanol,494.382,Zn(NO3)2·6H2O,1.0,4.0,No,50,6.0,32.0,-,0.25,NO3-,0.002022727364669426,0.008090909458677702
10.1002/cjce.23155,Methanol,494.382,Zn(NO3)2·6H2O,1.0,4.0,No,50,6.0,48.0,-,0.25,NO3-,0.002022727364669426,0.008090909458677702
10.1002/cjce.23155,Methanol,494.382,Zn(NO3)2·6H2O,1.0,4.0,No,50,6.0,70.0,-,0.25,NO3-,0.002022727364669426,0.008090909458677702
10.1002/cjce.23155,Methanol,494.382,Zn(NO3)2·6H2O,1.0,4.0,Yes,20,6.0,58.0,-,0.25,NO3-,0.002022727364669426,0.008090909458677702
10.1002/cjce.23155,Methanol,494.382,Zn(NO3)2·6H2O,1.0,4.0,No,20,6.0,35.0,-,0.25,NO3-,0.002022727364669426,0.008090909458677702
10.1002/cjce.23155,Methanol,494.382,Zn(NO3)2·6H2O,1.0,4.0,No,20,6.0,35.0,-,0.25,NO3-,0.002022727364669426,0.008090909458677702
10.1002/cjce.23155,Methanol,494.382,Zn(NO3)2·6H2O,1.0,4.0,No,20,12.0,52.0,-,0.25,NO3-,0.002022727364669426,0.008090909458677702
10.1002/cjce.23155,Methanol,494.382,Zn(NO3)2·6H2O,1.0,4.0,No,20,18.0,54.0,-,0.25,NO3-,0.002022727364669426,0.008090909458677702
10.1002/cjce.23155,Methanol,494.382,Zn(NO3)2·6H2O,1.0,4.0,No,20,24.0,67.0,-,0.25,NO3-,0.002022727364669426,0.008090909458677702
10.1002/cjce.23155,Methanol,494.382,Zn(NO3)2·6H2O,1.0,4.0,No,20,30.0,102.0,-,0.25,NO3-,0.002022727364669426,0.008090909458677702
10.1002/cjce.23155,Methanol,494.382,Zn(NO3)2·6H2O,1.0,4.0,No,20,6.0,35.0,-,0.25,NO3-,0.002022727364669426,0.008090909458677702
10.1002/cjce.23155,Methanol,494.382,Zn(NO3)2·6H2O,1.0,4.0,No,50,6.0,32.0,-,0.25,NO3-,0.002022727364669426,0.008090909458677702
10.1002/cjce.23155,Methanol,494.382,Zn(NO3)2·6H2O,1.0,4.0,No,80,6.0,43.0,-,0.25,NO3-,0.002022727364669426,0.008090909458677702
10.1002/cjce.23155,Methanol,494.382,Zn(NO3)2·6H2O,1.0,4.0,No,120,6.0,48.0,-,0.25,NO3-,0.002022727364669426,0.008090909458677702
10.1002/cjce.23155,Methanol,494.382,Zn(NO3)2·6H2O,1.0,4.0,No,150,6.0,52.0,-,0.25,NO3-,0.002022727364669426,0.008090909458677702
10.1016/j.micromeso.2020.110761,Methanol,1235.955,Zn(NO3)2·6H2O,2.464,19.817,Yes,25,1440.0,45.0,-,0.1243376898622395,NO3-,0.001993600090618186,0.0160337552742616
10.1016/j.micromeso.2020.110761,Methanol,1235.955,Zn(NO3)2·6H2O,2.497,9.957,Yes,25,1440.0,120.0,1.313,0.250778346891634,NO3-,0.002020300091831823,0.00805611854800539
10.1016/j.micromeso.2020.110761,Methanol,1235.955,Zn(NO3)2·6H2O,2.497,9.957,Yes,25,1440.0,250.0,2.179,0.250778346891634,NO3-,0.002020300091831823,0.00805611854800539
10.1016/j.micromeso.2020.110761,Methanol,1235.955,Zn(NO3)2·6H2O,2.497,9.957,Yes,25,1440.0,450.0,2.548,0.250778346891634,NO3-,0.002020300091831823,0.00805611854800539
10.1016/j.materresbull.2021.111372,Methanol,3460.674,Zn(NO3)2·6H2O,1.983,40.195,Yes,25,1440.0,80.0,-,0.04933449434009205,NO3-,0.0005730097663056387,0.01161478948898394
